train,model,fixed_epoch,test,macro_precision,macro_recall,macro_f1,webnlg_precision,webnlg_recall,webnlg_f1
base,Gemma3-1B,-,rebel,0.1293,0.2032,0.1354,0.0932,0.1783,0.1224
base,Gemma3-1B,-,rebel-full,,,,,,
base,Gemma3-1B,-,lagrange,0.2553,0.2429,0.2210,0.2118,0.2051,0.2084
base,Gemma3-1B,-,tum_p99,0.1184,0.2701,0.1421,0.0828,0.2485,0.1242
base,Gemma3-1B,-,wikinre,0.1658,0.4314,0.2250,0.1380,0.4308,0.2091
base,Gemma3-1B,-,tum_e3,,,,,,
base,Gemma3-1B,-,nyt,,,,,,
base,Gemma3-1B,-,webnlg,,,,,,
base,Gemma3-1B,-,conll04,,,,,,
base,Qwen2.5-1.5B,-,rebel,0.2180,0.2251,0.1882,0.1695,0.1891,0.1787
base,Qwen2.5-1.5B,-,rebel-full,,,,,,
base,Qwen2.5-1.5B,-,lagrange,0.3584,0.2778,0.2866,0.3562,0.2647,0.3037
base,Qwen2.5-1.5B,-,tum_p99,0.2432,0.2936,0.2324,0.1722,0.2528,0.2049
base,Qwen2.5-1.5B,-,wikinre,0.3437,0.4357,0.3510,0.2631,0.4178,0.3229
base,Qwen2.5-1.5B,-,tum_e3,,,,,,
base,Qwen2.5-1.5B,-,nyt,,,,,,
base,Qwen2.5-1.5B,-,webnlg,,,,,,
base,Qwen2.5-1.5B,-,conll04,,,,,,
base,Llama3.2-1B,-,rebel,0.0671,0.1962,0.0790,0.0376,0.1771,0.0620
base,Llama3.2-1B,-,rebel-full,,,,,,
base,Llama3.2-1B,-,lagrange,0.1314,0.2358,0.1419,0.0826,0.2208,0.1202
base,Llama3.2-1B,-,tum_p99,0.0661,0.2365,0.0862,0.0378,0.2278,0.0649
base,Llama3.2-1B,-,wikinre,0.1433,0.4627,0.1929,0.0805,0.4463,0.1364
base,Llama3.2-1B,-,tum_e3,,,,,,
base,Llama3.2-1B,-,nyt,,,,,,
base,Llama3.2-1B,-,webnlg,,,,,,
base,Llama3.2-1B,-,conll04,,,,,,
rebel,Gemma3-1B,5,rebel,0.7169,0.6920,0.6853,0.7105,0.6792,0.6945
rebel,Gemma3-1B,5,rebel-full,0.5496,0.6560,0.5650,0.5589,0.6710,0.6098
rebel,Gemma3-1B,5,lagrange,0.5667,0.4183,0.4287,0.5036,0.3590,0.4192
rebel,Gemma3-1B,5,tum_p99,0.4877,0.4569,0.4389,0.4284,0.3955,0.4113
rebel,Gemma3-1B,5,wikinre,0.5470,0.8330,0.5948,0.2956,0.8059,0.4326
rebel,Gemma3-1B,5,tum_e3,0.3933,0.3787,0.3554,0.3694,0.3310,0.3491
rebel,Gemma3-1B,5,nyt,0.1695,0.1400,0.1442,0.1713,0.1185,0.1401
rebel,Gemma3-1B,5,webnlg,0.3554,0.2560,0.2640,0.2789,0.2271,0.2504
rebel,Gemma3-1B,5,conll04,0.3437,0.3151,0.3153,0.3446,0.2654,0.2999
rebel,Qwen2.5-1.5B,6,rebel,0.7204,0.7051,0.6961,0.7204,0.7091,0.7147
rebel,Qwen2.5-1.5B,6,rebel-full,0.5724,0.6536,0.5831,0.6002,0.6729,0.6345
rebel,Qwen2.5-1.5B,6,lagrange,0.5094,0.4160,0.4230,0.4792,0.3689,0.4169
rebel,Qwen2.5-1.5B,6,tum_p99,0.4380,0.4306,0.4059,0.3942,0.3862,0.3901
rebel,Qwen2.5-1.5B,6,wikinre,0.5059,0.7736,0.5634,0.3098,0.7540,0.4391
rebel,Qwen2.5-1.5B,6,tum_e3,0.3324,0.3232,0.3050,0.3239,0.3033,0.3133
rebel,Qwen2.5-1.5B,6,nyt,0.1849,0.2490,0.1921,0.1654,0.2355,0.1943
rebel,Qwen2.5-1.5B,6,webnlg,0.3973,0.4724,0.3999,0.3088,0.4349,0.3611
rebel,Qwen2.5-1.5B,6,conll04,0.2790,0.3047,0.2725,0.2640,0.2528,0.2583
rebel,Llama3.2-1B,4,rebel,0.7103,0.6994,0.6869,0.6878,0.6852,0.6865
rebel,Llama3.2-1B,4,rebel-full,0.5577,0.6635,0.5735,0.5564,0.6652,0.6060
rebel,Llama3.2-1B,4,lagrange,0.5118,0.4377,0.4321,0.4673,0.3858,0.4226
rebel,Llama3.2-1B,4,tum_p99,0.4744,0.4771,0.4401,0.4026,0.4269,0.4144
rebel,Llama3.2-1B,4,wikinre,0.5144,0.8587,0.5817,0.2988,0.8358,0.4402
rebel,Llama3.2-1B,4,tum_e3,0.3662,0.3814,0.3431,0.3416,0.3552,0.3483
rebel,Llama3.2-1B,4,nyt,0.1689,0.1907,0.1611,0.1456,0.1737,0.1584
rebel,Llama3.2-1B,4,webnlg,0.3200,0.3744,0.3057,0.2354,0.3517,0.2820
rebel,Llama3.2-1B,4,conll04,0.2596,0.2361,0.2388,0.2560,0.1935,0.2204
rebel_full,Gemma3-1B,5,rebel,0.6480,0.6099,0.6033,0.6440,0.6062,0.6245
rebel_full,Gemma3-1B,5,rebel-full,0.7130,0.6826,0.6806,0.7208,0.6846,0.7022
rebel_full,Gemma3-1B,5,lagrange,0.6560,0.4296,0.4840,0.5902,0.3872,0.4677
rebel_full,Gemma3-1B,5,tum_p99,0.5502,0.4705,0.4815,0.4961,0.4050,0.4459
rebel_full,Gemma3-1B,5,wikinre,0.5913,0.7887,0.6310,0.3883,0.7574,0.5134
rebel_full,Gemma3-1B,5,tum_e3,,,,,,
rebel_full,Gemma3-1B,5,nyt,,,,,,
rebel_full,Gemma3-1B,5,webnlg,,,,,,
rebel_full,Gemma3-1B,5,conll04,,,,,,
rebel_full,Qwen2.5-1.5B,6,rebel,0.6286,0.6458,0.6113,0.6372,0.6486,0.6429
rebel_full,Qwen2.5-1.5B,6,rebel-full,0.7101,0.6956,0.6879,0.7219,0.7037,0.7127
rebel_full,Qwen2.5-1.5B,6,lagrange,0.5974,0.4674,0.4970,0.5475,0.4276,0.4802
rebel_full,Qwen2.5-1.5B,6,tum_p99,0.5222,0.4875,0.4795,0.4686,0.4471,0.4576
rebel_full,Qwen2.5-1.5B,6,wikinre,0.5352,0.7765,0.5935,0.3634,0.7644,0.4926
rebel_full,Qwen2.5-1.5B,6,tum_e3,,,,,,
rebel_full,Qwen2.5-1.5B,6,nyt,,,,,,
rebel_full,Qwen2.5-1.5B,6,webnlg,,,,,,
rebel_full,Qwen2.5-1.5B,6,conll04,,,,,,
rebel_full,Llama3.2-1B,5,rebel,0.6614,0.6303,0.6190,0.6497,0.6052,0.6267
rebel_full,Llama3.2-1B,5,rebel-full,0.7117,0.6862,0.6822,0.7183,0.6828,0.7001
rebel_full,Llama3.2-1B,5,lagrange,0.6077,0.4258,0.4681,0.5508,0.3771,0.4476
rebel_full,Llama3.2-1B,5,tum_p99,0.5662,0.4943,0.5006,0.5100,0.4292,0.4661
rebel_full,Llama3.2-1B,5,wikinre,0.5654,0.8012,0.6175,0.3701,0.7713,0.5002
rebel_full,Llama3.2-1B,5,tum_e3,,,,,,
rebel_full,Llama3.2-1B,5,nyt,,,,,,
rebel_full,Llama3.2-1B,5,webnlg,,,,,,
rebel_full,Llama3.2-1B,5,conll04,,,,,,
lagrange,Gemma3-1B,6,rebel,0.3993,0.5473,0.4144,0.3387,0.4975,0.4030
lagrange,Gemma3-1B,6,rebel-full,,,,,,
lagrange,Gemma3-1B,6,lagrange,0.8631,0.8308,0.8333,0.8436,0.8130,0.8281
lagrange,Gemma3-1B,6,tum_p99,0.4851,0.6272,0.5059,0.4016,0.5721,0.4719
lagrange,Gemma3-1B,6,wikinre,0.6408,0.8701,0.7007,0.5068,0.8529,0.6358
lagrange,Gemma3-1B,6,tum_e3,0.4832,0.5726,0.4847,0.4069,0.5300,0.4604
lagrange,Gemma3-1B,6,nyt,0.0713,0.2482,0.0975,0.0593,0.2341,0.0947
lagrange,Gemma3-1B,6,webnlg,0.4615,0.3671,0.3863,0.4297,0.3428,0.3814
lagrange,Gemma3-1B,6,conll04,0.2907,0.3353,0.2922,0.2599,0.2741,0.2668
lagrange,Qwen2.5-1.5B,6,rebel,0.4188,0.5711,0.4399,0.3763,0.5140,0.4345
lagrange,Qwen2.5-1.5B,6,rebel-full,,,,,,
lagrange,Qwen2.5-1.5B,6,lagrange,0.8551,0.8480,0.8409,0.8445,0.8312,0.8378
lagrange,Qwen2.5-1.5B,6,tum_p99,0.4922,0.6619,0.5269,0.4313,0.6104,0.5054
lagrange,Qwen2.5-1.5B,6,wikinre,0.5517,0.8703,0.6422,0.4687,0.8536,0.6051
lagrange,Qwen2.5-1.5B,6,tum_e3,0.4848,0.6260,0.5075,0.4260,0.5746,0.4893
lagrange,Qwen2.5-1.5B,6,nyt,0.0865,0.4602,0.1371,0.0823,0.4399,0.1386
lagrange,Qwen2.5-1.5B,6,webnlg,0.4162,0.6294,0.4800,0.3804,0.6015,0.4661
lagrange,Qwen2.5-1.5B,6,conll04,0.3110,0.4982,0.3453,0.2491,0.4368,0.3173
lagrange,Llama3.2-1B,7,rebel,0.4120,0.5563,0.4272,0.3658,0.4999,0.4225
lagrange,Llama3.2-1B,7,rebel-full,,,,,,
lagrange,Llama3.2-1B,7,lagrange,0.8625,0.8330,0.8354,0.8520,0.8140,0.8325
lagrange,Llama3.2-1B,7,tum_p99,0.5051,0.6450,0.5257,0.4285,0.5813,0.4933
lagrange,Llama3.2-1B,7,wikinre,0.6492,0.8773,0.7144,0.5463,0.8603,0.6682
lagrange,Llama3.2-1B,7,tum_e3,0.5183,0.6506,0.5342,0.4462,0.5884,0.5075
lagrange,Llama3.2-1B,7,nyt,0.0497,0.3952,0.0838,0.0466,0.3773,0.0830
lagrange,Llama3.2-1B,7,webnlg,0.3843,0.5380,0.4269,0.3580,0.5215,0.4246
lagrange,Llama3.2-1B,7,conll04,0.1505,0.2105,0.1587,0.1434,0.1872,0.1624
tekgen,Gemma3-1B,3,rebel,0.4867,0.4333,0.4177,0.4270,0.3399,0.3785
tekgen,Gemma3-1B,3,rebel-full,,,,,,
tekgen,Gemma3-1B,3,lagrange,0.7237,0.5102,0.5790,0.7145,0.4528,0.5543
tekgen,Gemma3-1B,3,tum_p99,0.5911,0.5100,0.5122,0.4950,0.4215,0.4553
tekgen,Gemma3-1B,3,wikinre,0.8382,0.8909,0.8487,0.7340,0.8735,0.7977
tekgen,Gemma3-1B,3,tum_e3,0.5588,0.4698,0.4763,0.4833,0.3938,0.4340
tekgen,Gemma3-1B,3,nyt,0.0692,0.2802,0.0903,0.0493,0.2650,0.0831
tekgen,Gemma3-1B,3,webnlg,0.4022,0.4438,0.3911,0.3881,0.4223,0.4045
tekgen,Gemma3-1B,3,conll04,0.1963,0.3090,0.2187,0.1906,0.2607,0.2202
tekgen,Qwen2.5-1.5B,3,rebel,0.4684,0.4144,0.4039,0.4207,0.3237,0.3659
tekgen,Qwen2.5-1.5B,3,rebel-full,,,,,,
tekgen,Qwen2.5-1.5B,3,lagrange,0.7039,0.5118,0.5749,0.6877,0.4540,0.5469
tekgen,Qwen2.5-1.5B,3,tum_p99,0.5678,0.5031,0.5050,0.4750,0.4225,0.4472
tekgen,Qwen2.5-1.5B,3,wikinre,0.8078,0.8620,0.8221,0.7265,0.8474,0.7823
tekgen,Qwen2.5-1.5B,3,tum_e3,0.5445,0.4626,0.4724,0.4607,0.3871,0.4207
tekgen,Qwen2.5-1.5B,3,nyt,0.1061,0.2781,0.1364,0.0917,0.2582,0.1354
tekgen,Qwen2.5-1.5B,3,webnlg,0.3693,0.6134,0.4337,0.3422,0.5930,0.4340
tekgen,Qwen2.5-1.5B,3,conll04,0.2473,0.3416,0.2539,0.0986,0.2851,0.1466
tekgen,Llama3.2-1B,2,rebel,0.5685,0.3957,0.4352,0.5587,0.3014,0.3916
tekgen,Llama3.2-1B,2,rebel-full,,,,,,
tekgen,Llama3.2-1B,2,lagrange,0.7243,0.4477,0.5288,0.6536,0.3864,0.4857
tekgen,Llama3.2-1B,2,tum_p99,0.6262,0.4594,0.5002,0.5646,0.3563,0.4369
tekgen,Llama3.2-1B,2,wikinre,0.8822,0.8836,0.8725,0.8179,0.8590,0.8380
tekgen,Llama3.2-1B,2,tum_e3,0.6637,0.4814,0.5281,0.5698,0.3674,0.4468
tekgen,Llama3.2-1B,2,nyt,0.0833,0.2501,0.0975,0.0590,0.2476,0.0953
tekgen,Llama3.2-1B,2,webnlg,0.4585,0.4543,0.4217,0.4061,0.4353,0.4202
tekgen,Llama3.2-1B,2,conll04,0.3026,0.3047,0.2855,0.2981,0.2472,0.2703
tum_p99,Gemma3-1B,6,rebel,0.4432,0.4742,0.4232,0.4281,0.4336,0.4308
tum_p99,Gemma3-1B,6,rebel-full,,,,,,
tum_p99,Gemma3-1B,6,lagrange,0.6486,0.4475,0.5044,0.6319,0.4135,0.4999
tum_p99,Gemma3-1B,6,tum_p99,0.8292,0.7889,0.7874,0.7503,0.7059,0.7274
tum_p99,Gemma3-1B,6,wikinre,0.7332,0.8746,0.7699,0.6037,0.8545,0.7075
tum_p99,Gemma3-1B,6,tum_e3,,,,,,
tum_p99,Gemma3-1B,6,nyt,,,,,,
tum_p99,Gemma3-1B,6,webnlg,,,,,,
tum_p99,Gemma3-1B,6,conll04,,,,,,
tum_p99,Qwen2.5-1.5B,4,rebel,0.4535,0.4826,0.4342,0.4390,0.4399,0.4395
tum_p99,Qwen2.5-1.5B,4,rebel-full,,,,,,
tum_p99,Qwen2.5-1.5B,4,lagrange,0.6326,0.4724,0.5181,0.6160,0.4407,0.5138
tum_p99,Qwen2.5-1.5B,4,tum_p99,0.8412,0.8142,0.8104,0.7813,0.7396,0.7599
tum_p99,Qwen2.5-1.5B,4,wikinre,0.6676,0.8876,0.7315,0.5509,0.8707,0.6748
tum_p99,Qwen2.5-1.5B,4,tum_e3,,,,,,
tum_p99,Qwen2.5-1.5B,4,nyt,,,,,,
tum_p99,Qwen2.5-1.5B,4,webnlg,,,,,,
tum_p99,Qwen2.5-1.5B,4,conll04,,,,,,
tum_p99,Llama3.2-1B,6,rebel,0.4885,0.4718,0.4432,0.4637,0.4029,0.4312
tum_p99,Llama3.2-1B,6,rebel-full,,,,,,
tum_p99,Llama3.2-1B,6,lagrange,0.6517,0.4438,0.5011,0.6266,0.3951,0.4846
tum_p99,Llama3.2-1B,6,tum_p99,0.8481,0.7913,0.8006,0.7910,0.7080,0.7472
tum_p99,Llama3.2-1B,6,wikinre,0.7345,0.8808,0.7723,0.6230,0.8605,0.7227
tum_p99,Llama3.2-1B,6,tum_e3,,,,,,
tum_p99,Llama3.2-1B,6,nyt,,,,,,
tum_p99,Llama3.2-1B,6,webnlg,,,,,,
tum_p99,Llama3.2-1B,6,conll04,,,,,,
tum_p99_new,Gemma3-1B,6,rebel,0.5348,0.4772,0.4761,0.5156,0.4125,0.4583
tum_p99_new,Gemma3-1B,6,rebel-full,,,,,,
tum_p99_new,Gemma3-1B,6,lagrange,0.6188,0.4609,0.5024,0.6067,0.4135,0.4918
tum_p99_new,Gemma3-1B,6,tum_p99,0.8989,0.8778,0.8784,0.8497,0.8223,0.8358
tum_p99_new,Gemma3-1B,6,wikinre,0.8239,0.8875,0.8428,0.7403,0.8714,0.8005
tum_p99_new,Gemma3-1B,6,tum_e3,,,,,,
tum_p99_new,Gemma3-1B,6,nyt,,,,,,
tum_p99_new,Gemma3-1B,6,webnlg,,,,,,
tum_p99_new,Gemma3-1B,6,conll04,,,,,,
tum_p99_new,Qwen2.5-1.5B,7,rebel,0.5152,0.4978,0.4774,0.5061,0.4369,0.4690
tum_p99_new,Qwen2.5-1.5B,7,rebel-full,,,,,,
tum_p99_new,Qwen2.5-1.5B,7,lagrange,0.5929,0.4785,0.5068,0.6014,0.4531,0.5168
tum_p99_new,Qwen2.5-1.5B,7,tum_p99,0.9053,0.9064,0.8970,0.8589,0.8601,0.8595
tum_p99_new,Qwen2.5-1.5B,7,wikinre,0.7007,0.8772,0.7549,0.6097,0.8604,0.7137
tum_p99_new,Qwen2.5-1.5B,7,tum_e3,,,,,,
tum_p99_new,Qwen2.5-1.5B,7,nyt,,,,,,
tum_p99_new,Qwen2.5-1.5B,7,webnlg,,,,,,
tum_p99_new,Qwen2.5-1.5B,7,conll04,,,,,,
tum_p99_new,Llama3.2-1B,6,rebel,0.5152,0.4930,0.4742,0.4862,0.4231,0.4525
tum_p99_new,Llama3.2-1B,6,rebel-full,,,,,,
tum_p99_new,Llama3.2-1B,6,lagrange,0.5952,0.4837,0.5072,0.5771,0.4427,0.5011
tum_p99_new,Llama3.2-1B,6,tum_p99,0.9063,0.8775,0.8819,0.8623,0.8175,0.8393
tum_p99_new,Llama3.2-1B,6,wikinre,0.8011,0.8971,0.8288,0.7092,0.8823,0.7864
tum_p99_new,Llama3.2-1B,6,tum_e3,,,,,,
tum_p99_new,Llama3.2-1B,6,nyt,,,,,,
tum_p99_new,Llama3.2-1B,6,webnlg,,,,,,
tum_p99_new,Llama3.2-1B,6,conll04,,,,,,
tum_p99_hparam_r32,Gemma3-1B,5,rebel,0.4773,0.4763,0.4419,0.4381,0.4254,0.4317
tum_p99_hparam_r32,Gemma3-1B,5,rebel-full,,,,,,
tum_p99_hparam_r32,Gemma3-1B,5,lagrange,0.6462,0.4392,0.4958,0.6237,0.4036,0.4900
tum_p99_hparam_r32,Gemma3-1B,5,tum_p99,0.8351,0.7933,0.7938,0.7581,0.7142,0.7355
tum_p99_hparam_r32,Gemma3-1B,5,wikinre,0.7977,0.8676,0.8058,0.6717,0.8384,0.7459
tum_p99_hparam_r32,Gemma3-1B,5,tum_e3,,,,,,
tum_p99_hparam_r32,Gemma3-1B,5,nyt,,,,,,
tum_p99_hparam_r32,Gemma3-1B,5,webnlg,,,,,,
tum_p99_hparam_r32,Gemma3-1B,5,conll04,,,,,,
tum_p99_hparam_r32,Qwen2.5-1.5B,5,rebel,0.4458,0.5059,0.4400,0.4350,0.4653,0.4496
tum_p99_hparam_r32,Qwen2.5-1.5B,5,rebel-full,,,,,,
tum_p99_hparam_r32,Qwen2.5-1.5B,5,lagrange,0.6296,0.4975,0.5322,0.6150,0.4643,0.5292
tum_p99_hparam_r32,Qwen2.5-1.5B,5,tum_p99,0.8337,0.8378,0.8198,0.7660,0.7747,0.7704
tum_p99_hparam_r32,Qwen2.5-1.5B,5,wikinre,0.6354,0.8851,0.7075,0.5197,0.8689,0.6504
tum_p99_hparam_r32,Qwen2.5-1.5B,5,tum_e3,,,,,,
tum_p99_hparam_r32,Qwen2.5-1.5B,5,nyt,,,,,,
tum_p99_hparam_r32,Qwen2.5-1.5B,5,webnlg,,,,,,
tum_p99_hparam_r32,Qwen2.5-1.5B,5,conll04,,,,,,
tum_p99_hparam_r32,Llama3.2-1B,5,rebel,0.4822,0.4725,0.4419,0.4621,0.4171,0.4384
tum_p99_hparam_r32,Llama3.2-1B,5,rebel-full,,,,,,
tum_p99_hparam_r32,Llama3.2-1B,5,lagrange,0.6468,0.4393,0.4979,0.6300,0.3964,0.4866
tum_p99_hparam_r32,Llama3.2-1B,5,tum_p99,0.8493,0.8055,0.8096,0.7942,0.7280,0.7596
tum_p99_hparam_r32,Llama3.2-1B,5,wikinre,0.7649,0.8884,0.7985,0.6602,0.8684,0.7501
tum_p99_hparam_r32,Llama3.2-1B,5,tum_e3,,,,,,
tum_p99_hparam_r32,Llama3.2-1B,5,nyt,,,,,,
tum_p99_hparam_r32,Llama3.2-1B,5,webnlg,,,,,,
tum_p99_hparam_r32,Llama3.2-1B,5,conll04,,,,,,
wikinre,Gemma3-1B,4,rebel,0.3728,0.3925,0.3359,0.3606,0.3054,0.3307
wikinre,Gemma3-1B,4,rebel-full,,,,,,
wikinre,Gemma3-1B,4,lagrange,0.5337,0.3670,0.3921,0.5228,0.2895,0.3726
wikinre,Gemma3-1B,4,tum_p99,0.3698,0.4667,0.3777,0.3607,0.3933,0.3763
wikinre,Gemma3-1B,4,wikinre,0.9680,0.9621,0.9635,0.9636,0.9510,0.9573
wikinre,Gemma3-1B,4,tum_e3,0.2864,0.3438,0.2845,0.2817,0.3121,0.2961
wikinre,Gemma3-1B,4,nyt,0.1214,0.1355,0.1175,0.1331,0.1084,0.1195
wikinre,Gemma3-1B,4,webnlg,0.4696,0.3333,0.3629,0.4772,0.2909,0.3615
wikinre,Gemma3-1B,4,conll04,0.4579,0.4082,0.4191,0.4619,0.3207,0.3786
wikinre,Qwen2.5-1.5B,6,rebel,0.3782,0.3990,0.3452,0.3702,0.3122,0.3387
wikinre,Qwen2.5-1.5B,6,rebel-full,,,,,,
wikinre,Qwen2.5-1.5B,6,lagrange,0.5678,0.3922,0.4266,0.5685,0.3199,0.4094
wikinre,Qwen2.5-1.5B,6,tum_p99,0.3850,0.4726,0.3921,0.3857,0.3971,0.3913
wikinre,Qwen2.5-1.5B,6,wikinre,0.9636,0.9631,0.9619,0.9568,0.9557,0.9563
wikinre,Qwen2.5-1.5B,6,tum_e3,0.3054,0.3582,0.3030,0.3057,0.3232,0.3142
wikinre,Qwen2.5-1.5B,6,nyt,0.2654,0.3694,0.2850,0.2525,0.3408,0.2901
wikinre,Qwen2.5-1.5B,6,webnlg,0.4354,0.5925,0.4764,0.4194,0.5628,0.4806
wikinre,Qwen2.5-1.5B,6,conll04,0.3857,0.4173,0.3768,0.3454,0.3610,0.3530
wikinre,Llama3.2-1B,5,rebel,0.3818,0.4036,0.3463,0.3573,0.3149,0.3348
wikinre,Llama3.2-1B,5,rebel-full,,,,,,
wikinre,Llama3.2-1B,5,lagrange,0.5314,0.3946,0.4130,0.5097,0.3227,0.3952
wikinre,Llama3.2-1B,5,tum_p99,0.3723,0.5009,0.3908,0.3517,0.4262,0.3854
wikinre,Llama3.2-1B,5,wikinre,0.9663,0.9629,0.9629,0.9606,0.9549,0.9577
wikinre,Llama3.2-1B,5,tum_e3,0.3144,0.4114,0.3249,0.2992,0.3708,0.3312
wikinre,Llama3.2-1B,5,nyt,0.1164,0.3316,0.1481,0.0790,0.3180,0.1265
wikinre,Llama3.2-1B,5,webnlg,0.3821,0.4879,0.3998,0.3412,0.4684,0.3948
wikinre,Llama3.2-1B,5,conll04,0.4118,0.3566,0.3702,0.4073,0.2915,0.3398
tum_e3,Gemma3-1B,5,rebel,0.4159,0.5112,0.4140,0.3346,0.4877,0.3969
tum_e3,Gemma3-1B,5,rebel-full,,,,,,
tum_e3,Gemma3-1B,5,lagrange,0.6020,0.5506,0.5376,0.5226,0.5138,0.5182
tum_e3,Gemma3-1B,5,tum_p99,,,,,,
tum_e3,Gemma3-1B,5,wikinre,0.5464,0.8632,0.5931,0.2374,0.8461,0.3708
tum_e3,Gemma3-1B,5,tum_e3,0.8472,0.8250,0.8172,0.7465,0.7381,0.7423
tum_e3,Gemma3-1B,5,nyt,0.0713,0.1333,0.0744,0.0602,0.1190,0.0799
tum_e3,Gemma3-1B,5,webnlg,0.4489,0.4340,0.3980,0.3646,0.4031,0.3829
tum_e3,Gemma3-1B,5,conll04,0.2739,0.2793,0.2590,0.2455,0.2385,0.2420
tum_e3,Qwen2.5-1.5B,7,rebel,0.4295,0.5314,0.4357,0.4009,0.4968,0.4437
tum_e3,Qwen2.5-1.5B,7,rebel-full,,,,,,
tum_e3,Qwen2.5-1.5B,7,lagrange,0.6141,0.5857,0.5706,0.5822,0.5485,0.5648
tum_e3,Qwen2.5-1.5B,7,tum_p99,,,,,,
tum_e3,Qwen2.5-1.5B,7,wikinre,0.5158,0.8675,0.5982,0.3705,0.8543,0.5168
tum_e3,Qwen2.5-1.5B,7,tum_e3,0.8484,0.8424,0.8309,0.7862,0.7729,0.7795
tum_e3,Qwen2.5-1.5B,7,nyt,0.1819,0.1772,0.1624,0.1623,0.1621,0.1622
tum_e3,Qwen2.5-1.5B,7,webnlg,0.4688,0.5801,0.4879,0.4146,0.5534,0.4741
tum_e3,Qwen2.5-1.5B,7,conll04,0.2944,0.3151,0.2830,0.2489,0.2654,0.2569
tum_e3,Llama3.2-1B,4,rebel,0.4843,0.5031,0.4563,0.4404,0.4421,0.4412
tum_e3,Llama3.2-1B,4,rebel-full,,,,,,
tum_e3,Llama3.2-1B,4,lagrange,0.6368,0.5638,0.5669,0.6041,0.5167,0.5570
tum_e3,Llama3.2-1B,4,tum_p99,,,,,,
tum_e3,Llama3.2-1B,4,wikinre,0.7102,0.8665,0.7445,0.5155,0.8435,0.6400
tum_e3,Llama3.2-1B,4,tum_e3,0.8654,0.8296,0.8321,0.8052,0.7440,0.7734
tum_e3,Llama3.2-1B,4,nyt,0.1090,0.1504,0.1110,0.0810,0.1236,0.0979
tum_e3,Llama3.2-1B,4,webnlg,0.4659,0.4600,0.4254,0.4244,0.4353,0.4298
tum_e3,Llama3.2-1B,4,conll04,0.2601,0.3685,0.2835,0.2515,0.3278,0.2846
